entity_key,route_id,direction_id,stop_id,stop_name,time_type,on_time_pct,sample_size
performance_9011005020100000_direction_id_stop_id_time_type_0_9022005000043002_pm_rush,9011005020100000,0,9022005000043002,Berga Söderleden,pm_rush,76.7,970
performance_9011005020100000_direction_id_stop_id_time_type_0_9022005000048001_am_rush,9011005020100000,0,9022005000048001,Skäggetorp centrum,am_rush,34.68,1410
performance_9011005020100000_direction_id_stop_id_time_type_0_9022005000048001_day,9011005020100000,0,9022005000048001,Skäggetorp centrum,day,25.62,2900
performance_9011005020100000_direction_id_stop_id_time_type_0_9022005000048001_night,9011005020100000,0,9022005000048001,Skäggetorp centrum,night,32.23,2336
performance_9011005020100000_direction_id_stop_id_time_type_0_9022005000048001_pm_rush,9011005020100000,0,9022005000048001,Skäggetorp centrum,pm_rush,44.96,972
performance_9011005020100000_direction_id_stop_id_time_type_0_9022005000048001_weekend,9011005020100000,0,9022005000048001,Skäggetorp centrum,weekend,31.9,1856
performance_9011005020100000_direction_id_stop_id_time_type_0_9022005000050003_pm_rush,9011005020100000,0,9022005000050003,Linköpings resecentrum,pm_rush,76.21,971
performance_9011005020100000_direction_id_stop_id_time_type_1_9022005000043001_pm_rush,9011005020100000,1,9022005000043001,Berga Söderleden,pm_rush,75.46,970
performance_9011005020100000_direction_id_stop_id_time_type_1_9022005000044001_am_rush,9011005020100000,1,9022005000044001,Hässlegatan,am_rush,36.12,1567
performance_9011005020100000_direction_id_stop_id_time_type_1_9022005000044001_day,9011005020100000,1,9022005000044001,Hässlegatan,day,26.18,2899
performance_9011005020100000_direction_id_stop_id_time_type_1_9022005000044001_night,9011005020100000,1,9022005000044001,Hässlegatan,night,41.13,2417
performance_9011005020100000_direction_id_stop_id_time_type_1_9022005000044001_pm_rush,9011005020100000,1,9022005000044001,Hässlegatan,pm_rush,26.88,971
performance_9011005020100000_direction_id_stop_id_time_type_1_9022005000044001_weekend,9011005020100000,1,9022005000044001,Hässlegatan,weekend,39.57,1840
performance_9011005020200000_direction_id_stop_id_time_type_0_9022005000050006_am_rush,9011005020200000,0,9022005000050006,Linköpings resecentrum,am_rush,46.8,1171
performance_9011005020200000_direction_id_stop_id_time_type_0_9022005000050006_day,9011005020200000,0,9022005000050006,Linköpings resecentrum,day,33.89,1933
performance_9011005020200000_direction_id_stop_id_time_type_0_9022005000050006_night,9011005020200000,0,9022005000050006,Linköpings resecentrum,night,56.14,2018
performance_9011005020200000_direction_id_stop_id_time_type_0_9022005000050006_pm_rush,9011005020200000,0,9022005000050006,Linköpings resecentrum,pm_rush,37.9,810
performance_9011005020200000_direction_id_stop_id_time_type_0_9022005000050006_weekend,9011005020200000,0,9022005000050006,Linköpings resecentrum,weekend,38.88,1569
performance_9011005020200000_direction_id_stop_id_time_type_1_9022005000469003_am_rush,9011005020200000,1,9022005000469003,Tegskiftesgatan,am_rush,36.83,1173
performance_9011005020200000_direction_id_stop_id_time_type_1_9022005000469003_day,9011005020200000,1,9022005000469003,Tegskiftesgatan,day,28.79,1931
performance_9011005020200000_direction_id_stop_id_time_type_1_9022005000469003_night,9011005020200000,1,9022005000469003,Tegskiftesgatan,night,38.1,1932
performance_9011005020200000_direction_id_stop_id_time_type_1_9022005000469003_pm_rush,9011005020200000,1,9022005000469003,Tegskiftesgatan,pm_rush,48.89,810
performance_9011005020200000_direction_id_stop_id_time_type_1_9022005000469003_weekend,9011005020200000,1,9022005000469003,Tegskiftesgatan,weekend,17.0,1518
performance_9011005020200000_direction_id_stop_id_time_type_1_9022005001249001_am_rush,9011005020200000,1,9022005001249001,US Södra entrén,am_rush,76.73,1173
performance_9011005020200000_direction_id_stop_id_time_type_1_9022005001249001_night,9011005020200000,1,9022005001249001,US Södra entrén,night,78.11,1932
performance_9011005020200000_direction_id_stop_id_time_type_1_9022005001249001_pm_rush,9011005020200000,1,9022005001249001,US Södra entrén,pm_rush,66.67,810
performance_9011005020300000_direction_id_stop_id_time_type_0_9022005000050005_am_rush,9011005020300000,0,9022005000050005,Linköpings resecentrum,am_rush,51.15,1562
performance_9011005020300000_direction_id_stop_id_time_type_0_9022005000050005_day,9011005020300000,0,9022005000050005,Linköpings resecentrum,day,58.07,2895
performance_9011005020300000_direction_id_stop_id_time_type_0_9022005000050005_night,9011005020300000,0,9022005000050005,Linköpings resecentrum,night,42.7,2241
performance_9011005020300000_direction_id_stop_id_time_type_0_9022005000050005_pm_rush,9011005020300000,0,9022005000050005,Linköpings resecentrum,pm_rush,50.1,970
performance_9011005020300000_direction_id_stop_id_time_type_0_9022005000050005_weekend,9011005020300000,0,9022005000050005,Linköpings resecentrum,weekend,57.22,1772
performance_9011005020300000_direction_id_stop_id_time_type_0_9022005000214001_pm_rush,9011005020300000,0,9022005000214001,Ryd centrum,pm_rush,78.76,970
performance_9011005020300000_direction_id_stop_id_time_type_0_9022005000215001_am_rush,9011005020300000,0,9022005000215001,Gamla Linköping,am_rush,72.13,1561
performance_9011005020300000_direction_id_stop_id_time_type_0_9022005000215001_pm_rush,9011005020300000,0,9022005000215001,Gamla Linköping,pm_rush,63.78,969
performance_9011005020300000_direction_id_stop_id_time_type_0_9022005000215001_weekend,9011005020300000,0,9022005000215001,Gamla Linköping,weekend,67.67,1769
performance_9011005020300000_direction_id_stop_id_time_type_1_9022005000214002_pm_rush,9011005020300000,1,9022005000214002,Ryd centrum,pm_rush,57.78,971
performance_9011005020300000_direction_id_stop_id_time_type_1_9022005000214002_weekend,9011005020300000,1,9022005000214002,Ryd centrum,weekend,74.97,1786
performance_9011005020300000_direction_id_stop_id_time_type_1_9022005000215002_pm_rush,9011005020300000,1,9022005000215002,Gamla Linköping,pm_rush,68.8,971
performance_9011005020300000_direction_id_stop_id_time_type_1_9022005000219001_am_rush,9011005020300000,1,9022005000219001,Rydsvägens ändhållplats,am_rush,39.49,1175
performance_9011005020300000_direction_id_stop_id_time_type_1_9022005000219001_day,9011005020300000,1,9022005000219001,Rydsvägens ändhållplats,day,46.79,2898
performance_9011005020300000_direction_id_stop_id_time_type_1_9022005000219001_night,9011005020300000,1,9022005000219001,Rydsvägens ändhållplats,night,49.89,2179
performance_9011005020300000_direction_id_stop_id_time_type_1_9022005000219001_pm_rush,9011005020300000,1,9022005000219001,Rydsvägens ändhållplats,pm_rush,47.06,971
performance_9011005020300000_direction_id_stop_id_time_type_1_9022005000219001_weekend,9011005020300000,1,9022005000219001,Rydsvägens ändhållplats,weekend,44.76,1785
performance_9011005020400000_direction_id_stop_id_time_type_0_9022005000050006_am_rush,9011005020400000,0,9022005000050006,Linköpings resecentrum,am_rush,39.23,1170
performance_9011005020400000_direction_id_stop_id_time_type_0_9022005000050006_day,9011005020400000,0,9022005000050006,Linköpings resecentrum,day,28.31,1932
performance_9011005020400000_direction_id_stop_id_time_type_0_9022005000050006_night,9011005020400000,0,9022005000050006,Linköpings resecentrum,night,46.61,2096
performance_9011005020400000_direction_id_stop_id_time_type_0_9022005000050006_pm_rush,9011005020400000,0,9022005000050006,Linköpings resecentrum,pm_rush,41.48,810
performance_9011005020400000_direction_id_stop_id_time_type_0_9022005000050006_weekend,9011005020400000,0,9022005000050006,Linköpings resecentrum,weekend,29.55,1570
performance_9011005020400000_direction_id_stop_id_time_type_0_9022005001249002_night,9011005020400000,0,9022005001249002,US Södra entrén,night,79.82,2096
performance_9011005020400000_direction_id_stop_id_time_type_0_9022005001249002_pm_rush,9011005020400000,0,9022005001249002,US Södra entrén,pm_rush,75.06,810
performance_9011005020400000_direction_id_stop_id_time_type_1_9022005000213002_am_rush,9011005020400000,1,9022005000213002,Isberget,am_rush,62.37,1095
performance_9011005020400000_direction_id_stop_id_time_type_1_9022005000213002_day,9011005020400000,1,9022005000213002,Isberget,day,66.75,2012
performance_9011005020400000_direction_id_stop_id_time_type_1_9022005000213002_night,9011005020400000,1,9022005000213002,Isberget,night,65.24,1939
performance_9011005020400000_direction_id_stop_id_time_type_1_9022005000213002_pm_rush,9011005020400000,1,9022005000213002,Isberget,pm_rush,44.94,810
performance_9011005020400000_direction_id_stop_id_time_type_1_9022005000213002_weekend,9011005020400000,1,9022005000213002,Isberget,weekend,75.74,1554
performance_9011005020400000_direction_id_stop_id_time_type_1_9022005000223002_am_rush,9011005020400000,1,9022005000223002,Landbogatan,am_rush,59.09,1095
performance_9011005020400000_direction_id_stop_id_time_type_1_9022005000223002_day,9011005020400000,1,9022005000223002,Landbogatan,day,55.72,2012
performance_9011005020400000_direction_id_stop_id_time_type_1_9022005000223002_night,9011005020400000,1,9022005000223002,Landbogatan,night,57.45,1939
performance_9011005020400000_direction_id_stop_id_time_type_1_9022005000223002_pm_rush,9011005020400000,1,9022005000223002,Landbogatan,pm_rush,47.9,810
performance_9011005020400000_direction_id_stop_id_time_type_1_9022005000223002_weekend,9011005020400000,1,9022005000223002,Landbogatan,weekend,49.49,1554
performance_9011005020400000_direction_id_stop_id_time_type_1_9022005001249001_am_rush,9011005020400000,1,9022005001249001,US Södra entrén,am_rush,64.66,1095
performance_9011005020400000_direction_id_stop_id_time_type_1_9022005001249001_night,9011005020400000,1,9022005001249001,US Södra entrén,night,75.86,1939
performance_9011005020400000_direction_id_stop_id_time_type_1_9022005001249001_pm_rush,9011005020400000,1,9022005001249001,US Södra entrén,pm_rush,66.54,810
performance_9011005020500000_direction_id_stop_id_time_type_0_9022005000048001_am_rush,9011005020500000,0,9022005000048001,Skäggetorp centrum,am_rush,44.12,1403
performance_9011005020500000_direction_id_stop_id_time_type_0_9022005000048001_day,9011005020500000,0,9022005000048001,Skäggetorp centrum,day,29.54,2905
performance_9011005020500000_direction_id_stop_id_time_type_0_9022005000048001_night,9011005020500000,0,9022005000048001,Skäggetorp centrum,night,38.33,2416
performance_9011005020500000_direction_id_stop_id_time_type_0_9022005000048001_pm_rush,9011005020500000,0,9022005000048001,Skäggetorp centrum,pm_rush,40.27,971
performance_9011005020500000_direction_id_stop_id_time_type_0_9022005000048001_weekend,9011005020500000,0,9022005000048001,Skäggetorp centrum,weekend,30.97,1792
performance_9011005020500000_direction_id_stop_id_time_type_0_9022005000050004_pm_rush,9011005020500000,0,9022005000050004,Linköpings resecentrum,pm_rush,66.91,970
performance_9011005020500000_direction_id_stop_id_time_type_0_9022005000429001_am_rush,9011005020500000,0,9022005000429001,IKEA,am_rush,71.56,1403
performance_9011005020500000_direction_id_stop_id_time_type_0_9022005000429001_day,9011005020500000,0,9022005000429001,IKEA,day,78.51,2904
performance_9011005020500000_direction_id_stop_id_time_type_0_9022005000429001_pm_rush,9011005020500000,0,9022005000429001,IKEA,pm_rush,54.38,971
performance_9011005020500000_direction_id_stop_id_time_type_0_9022005001241001_am_rush,9011005020500000,0,9022005001241001,Sörgårdsgatan,am_rush,67.78,1403
performance_9011005020500000_direction_id_stop_id_time_type_0_9022005001241001_day,9011005020500000,0,9022005001241001,Sörgårdsgatan,day,68.12,2905
performance_9011005020500000_direction_id_stop_id_time_type_0_9022005001241001_night,9011005020500000,0,9022005001241001,Sörgårdsgatan,night,74.01,2416
performance_9011005020500000_direction_id_stop_id_time_type_0_9022005001241001_pm_rush,9011005020500000,0,9022005001241001,Sörgårdsgatan,pm_rush,51.8,971
performance_9011005020500000_direction_id_stop_id_time_type_0_9022005001241001_weekend,9011005020500000,0,9022005001241001,Sörgårdsgatan,weekend,71.82,1792
performance_9011005020500000_direction_id_stop_id_time_type_1_9022005000050010_pm_rush,9011005020500000,1,9022005000050010,Linköpings resecentrum,pm_rush,73.76,968
performance_9011005020500000_direction_id_stop_id_time_type_1_9022005000054001_am_rush,9011005020500000,1,9022005000054001,Ekholmens centrum,am_rush,65.34,1405
performance_9011005020500000_direction_id_stop_id_time_type_1_9022005000054001_day,9011005020500000,1,9022005000054001,Ekholmens centrum,day,67.21,2906
performance_9011005020500000_direction_id_stop_id_time_type_1_9022005000054001_night,9011005020500000,1,9022005000054001,Ekholmens centrum,night,72.44,2242
performance_9011005020500000_direction_id_stop_id_time_type_1_9022005000054001_pm_rush,9011005020500000,1,9022005000054001,Ekholmens centrum,pm_rush,59.3,973
performance_9011005020500000_direction_id_stop_id_time_type_1_9022005000054001_weekend,9011005020500000,1,9022005000054001,Ekholmens centrum,weekend,62.55,1864
performance_9011005020500000_direction_id_stop_id_time_type_1_9022005000419002_am_rush,9011005020500000,1,9022005000419002,Räknestickan,am_rush,34.66,1405
performance_9011005020500000_direction_id_stop_id_time_type_1_9022005000419002_day,9011005020500000,1,9022005000419002,Räknestickan,day,27.36,2906
performance_9011005020500000_direction_id_stop_id_time_type_1_9022005000419002_night,9011005020500000,1,9022005000419002,Räknestickan,night,23.6,2242
performance_9011005020500000_direction_id_stop_id_time_type_1_9022005000419002_pm_rush,9011005020500000,1,9022005000419002,Räknestickan,pm_rush,22.1,973
performance_9011005020500000_direction_id_stop_id_time_type_1_9022005000419002_weekend,9011005020500000,1,9022005000419002,Räknestickan,weekend,32.89,1864
performance_9011005020500000_direction_id_stop_id_time_type_1_9022005000429002_pm_rush,9011005020500000,1,9022005000429002,IKEA,pm_rush,77.02,966
performance_9011005020500000_direction_id_stop_id_time_type_1_9022005001241002_pm_rush,9011005020500000,1,9022005001241002,Sörgårdsgatan,pm_rush,79.61,966
performance_9011005020600000_direction_id_stop_id_time_type_0_9022005000050029_am_rush,9011005020600000,0,9022005000050029,Linköpings resecentrum,am_rush,52.09,1171
performance_9011005020600000_direction_id_stop_id_time_type_0_9022005000050029_day,9011005020600000,0,9022005000050029,Linköpings resecentrum,day,57.56,1932
performance_9011005020600000_direction_id_stop_id_time_type_0_9022005000050029_night,9011005020600000,0,9022005000050029,Linköpings resecentrum,night,34.43,2010
performance_9011005020600000_direction_id_stop_id_time_type_0_9022005000050029_pm_rush,9011005020600000,0,9022005000050029,Linköpings resecentrum,pm_rush,49.16,891
performance_9011005020600000_direction_id_stop_id_time_type_0_9022005000050029_weekend,9011005020600000,0,9022005000050029,Linköpings resecentrum,weekend,43.14,1567
performance_9011005020600000_direction_id_stop_id_time_type_0_9022005000215001_pm_rush,9011005020600000,0,9022005000215001,Gamla Linköping,pm_rush,70.71,891
performance_9011005020600000_direction_id_stop_id_time_type_1_9022005000215002_am_rush,9011005020600000,1,9022005000215002,Gamla Linköping,am_rush,78.14,938
performance_9011005020600000_direction_id_stop_id_time_type_1_9022005000222002_am_rush,9011005020600000,1,9022005000222002,Kärna kors,am_rush,62.55,940
performance_9011005020600000_direction_id_stop_id_time_type_1_9022005000222002_day,9011005020600000,1,9022005000222002,Kärna kors,day,74.48,2014
performance_9011005020600000_direction_id_stop_id_time_type_1_9022005000222002_pm_rush,9011005020600000,1,9022005000222002,Kärna kors,pm_rush,61.26,808
performance_9011005020600000_direction_id_stop_id_time_type_1_9022005001443001_am_rush,9011005020600000,1,9022005001443001,Fårullsvägen,am_rush,59.15,940
performance_9011005020600000_direction_id_stop_id_time_type_1_9022005001443001_day,9011005020600000,1,9022005001443001,Fårullsvägen,day,50.74,2014
performance_9011005020600000_direction_id_stop_id_time_type_1_9022005001443001_night,9011005020600000,1,9022005001443001,Fårullsvägen,night,32.87,1999
performance_9011005020600000_direction_id_stop_id_time_type_1_9022005001443001_pm_rush,9011005020600000,1,9022005001443001,Fårullsvägen,pm_rush,50.37,808
performance_9011005020600000_direction_id_stop_id_time_type_1_9022005001443001_weekend,9011005020600000,1,9022005001443001,Fårullsvägen,weekend,30.15,1569
performance_9011005021000000_direction_id_stop_id_time_type_0_9022005000320001_am_rush,9011005021000000,0,9022005000320001,Sturefors centrum,am_rush,64.86,703
performance_9011005021000000_direction_id_stop_id_time_type_0_9022005000320001_day,9011005021000000,0,9022005000320001,Sturefors centrum,day,56.32,1131
performance_9011005021000000_direction_id_stop_id_time_type_0_9022005000320001_night,9011005021000000,0,9022005000320001,Sturefors centrum,night,53.18,1211
performance_9011005021000000_direction_id_stop_id_time_type_0_9022005000320001_pm_rush,9011005021000000,0,9022005000320001,Sturefors centrum,pm_rush,45.99,648
performance_9011005021000000_direction_id_stop_id_time_type_0_9022005000320001_weekend,9011005021000000,0,9022005000320001,Sturefors centrum,weekend,39.56,1001
performance_9011005021000000_direction_id_stop_id_time_type_0_9022005002015002_day,9011005021000000,0,9022005002015002,Sigbjörnsgatan,day,72.87,1047
performance_9011005021000000_direction_id_stop_id_time_type_0_9022005002015002_night,9011005021000000,0,9022005002015002,Sigbjörnsgatan,night,67.88,1208
performance_9011005021000000_direction_id_stop_id_time_type_0_9022005002015002_pm_rush,9011005021000000,0,9022005002015002,Sigbjörnsgatan,pm_rush,56.33,648
performance_9011005021000000_direction_id_stop_id_time_type_0_9022005002015002_weekend,9011005021000000,0,9022005002015002,Sigbjörnsgatan,weekend,78.42,1001
performance_9011005021000000_direction_id_stop_id_time_type_0_9022005002954001_am_rush,9011005021000000,0,9022005002954001,Kråkbärsvägen,am_rush,64.72,703
performance_9011005021000000_direction_id_stop_id_time_type_0_9022005002954001_day,9011005021000000,0,9022005002954001,Kråkbärsvägen,day,64.54,1131
performance_9011005021000000_direction_id_stop_id_time_type_0_9022005002954001_night,9011005021000000,0,9022005002954001,Kråkbärsvägen,night,62.59,1211
performance_9011005021000000_direction_id_stop_id_time_type_0_9022005002954001_pm_rush,9011005021000000,0,9022005002954001,Kråkbärsvägen,pm_rush,58.64,648
performance_9011005021000000_direction_id_stop_id_time_type_0_9022005002954001_weekend,9011005021000000,0,9022005002954001,Kråkbärsvägen,weekend,53.15,1001
performance_9011005021000000_direction_id_stop_id_time_type_1_9022005000050028_am_rush,9011005021000000,1,9022005000050028,Linköpings resecentrum,am_rush,72.57,1017
performance_9011005021000000_direction_id_stop_id_time_type_1_9022005000050028_day,9011005021000000,1,9022005000050028,Linköpings resecentrum,day,79.26,1128
performance_9011005021000000_direction_id_stop_id_time_type_1_9022005000050028_night,9011005021000000,1,9022005000050028,Linköpings resecentrum,night,74.32,1211
performance_9011005021000000_direction_id_stop_id_time_type_1_9022005000050028_pm_rush,9011005021000000,1,9022005000050028,Linköpings resecentrum,pm_rush,48.61,648
performance_9011005021000000_direction_id_stop_id_time_type_1_9022005000050028_weekend,9011005021000000,1,9022005000050028,Linköpings resecentrum,weekend,66.05,1034
performance_9011005021000000_direction_id_stop_id_time_type_1_9022005000153001_am_rush,9011005021000000,1,9022005000153001,Roxtuna,am_rush,30.5,705
performance_9011005021000000_direction_id_stop_id_time_type_1_9022005000153001_day,9011005021000000,1,9022005000153001,Roxtuna,day,33.1,1130
performance_9011005021000000_direction_id_stop_id_time_type_1_9022005000153001_night,9011005021000000,1,9022005000153001,Roxtuna,night,40.46,1211
performance_9011005021000000_direction_id_stop_id_time_type_1_9022005000153001_pm_rush,9011005021000000,1,9022005000153001,Roxtuna,pm_rush,39.04,648
performance_9011005021000000_direction_id_stop_id_time_type_1_9022005000153001_weekend,9011005021000000,1,9022005000153001,Roxtuna,weekend,39.85,1034
performance_9011005021000000_direction_id_stop_id_time_type_1_9022005002015001_am_rush,9011005021000000,1,9022005002015001,Sigbjörnsgatan,am_rush,74.04,705
performance_9011005021000000_direction_id_stop_id_time_type_1_9022005002015001_day,9011005021000000,1,9022005002015001,Sigbjörnsgatan,day,71.21,1129
performance_9011005021000000_direction_id_stop_id_time_type_1_9022005002015001_night,9011005021000000,1,9022005002015001,Sigbjörnsgatan,night,62.92,1211
performance_9011005021000000_direction_id_stop_id_time_type_1_9022005002015001_pm_rush,9011005021000000,1,9022005002015001,Sigbjörnsgatan,pm_rush,47.38,648
performance_9011005021000000_direction_id_stop_id_time_type_1_9022005002015001_weekend,9011005021000000,1,9022005002015001,Sigbjörnsgatan,weekend,53.97,1034
performance_9011005021000000_direction_id_stop_id_time_type_1_9022005003595001_am_rush,9011005021000000,1,9022005003595001,Bryggvägen,am_rush,68.23,705
performance_9011005021000000_direction_id_stop_id_time_type_1_9022005003595001_day,9011005021000000,1,9022005003595001,Bryggvägen,day,67.4,1129
performance_9011005021000000_direction_id_stop_id_time_type_1_9022005003595001_night,9011005021000000,1,9022005003595001,Bryggvägen,night,57.72,1211
performance_9011005021000000_direction_id_stop_id_time_type_1_9022005003595001_pm_rush,9011005021000000,1,9022005003595001,Bryggvägen,pm_rush,42.9,648
performance_9011005021000000_direction_id_stop_id_time_type_1_9022005003595001_weekend,9011005021000000,1,9022005003595001,Bryggvägen,weekend,45.55,1034
performance_9011005021000000_direction_id_stop_id_time_type_1_9022005002954002_pm_rush,9011005021000000,1,9022005002954002,Kråkbärsvägen,pm_rush,78.24,648
performance_9011005021100000_direction_id_stop_id_time_type_0_9022005000050008_am_rush,9011005021100000,0,9022005000050008,Linköpings resecentrum,am_rush,17.92,932
performance_9011005021100000_direction_id_stop_id_time_type_0_9022005000050008_day,9011005021100000,0,9022005000050008,Linköpings resecentrum,day,24.87,1528
performance_9011005021100000_direction_id_stop_id_time_type_0_9022005000050008_night,9011005021100000,0,9022005000050008,Linköpings resecentrum,night,12.42,1852
performance_9011005021100000_direction_id_stop_id_time_type_0_9022005000050008_pm_rush,9011005021100000,0,9022005000050008,Linköpings resecentrum,pm_rush,30.56,648
performance_9011005021100000_direction_id_stop_id_time_type_0_9022005000050008_weekend,9011005021100000,0,9022005000050008,Linköpings resecentrum,weekend,18.75,1264
performance_9011005021100000_direction_id_stop_id_time_type_1_9022005000231001_am_rush,9011005021100000,1,9022005000231001,Övre Johannelund,am_rush,24.94,858
performance_9011005021100000_direction_id_stop_id_time_type_1_9022005000231001_day,9011005021100000,1,9022005000231001,Övre Johannelund,day,31.47,1449
performance_9011005021100000_direction_id_stop_id_time_type_1_9022005000231001_night,9011005021100000,1,9022005000231001,Övre Johannelund,night,30.3,1855
performance_9011005021100000_direction_id_stop_id_time_type_1_9022005000231001_pm_rush,9011005021100000,1,9022005000231001,Övre Johannelund,pm_rush,61.11,648
performance_9011005021100000_direction_id_stop_id_time_type_1_9022005000231001_weekend,9011005021100000,1,9022005000231001,Övre Johannelund,weekend,20.86,1232
performance_9011005021100000_direction_id_stop_id_time_type_1_9022005001319001_day,9011005021100000,1,9022005001319001,Drottningtorget,day,79.57,1449
performance_9011005021100000_direction_id_stop_id_time_type_1_9022005001319001_night,9011005021100000,1,9022005001319001,Drottningtorget,night,77.68,1855
performance_9011005021100000_direction_id_stop_id_time_type_1_9022005001319001_pm_rush,9011005021100000,1,9022005001319001,Drottningtorget,pm_rush,57.56,648
performance_9011005021200000_direction_id_stop_id_time_type_0_9022005000050013_am_rush,9011005021200000,0,9022005000050013,Linköpings resecentrum,am_rush,44.81,781
performance_9011005021200000_direction_id_stop_id_time_type_0_9022005000050013_day,9011005021200000,0,9022005000050013,Linköpings resecentrum,day,49.56,1368
performance_9011005021200000_direction_id_stop_id_time_type_0_9022005000050013_night,9011005021200000,0,9022005000050013,Linköpings resecentrum,night,45.39,727
performance_9011005021200000_direction_id_stop_id_time_type_0_9022005000050013_pm_rush,9011005021200000,0,9022005000050013,Linköpings resecentrum,pm_rush,53.91,486
performance_9011005021200000_direction_id_stop_id_time_type_0_9022005000050013_weekend,9011005021200000,0,9022005000050013,Linköpings resecentrum,weekend,46.25,480
performance_9011005021200000_direction_id_stop_id_time_type_0_9022005000215001_am_rush,9011005021200000,0,9022005000215001,Gamla Linköping,am_rush,74.26,781
performance_9011005021200000_direction_id_stop_id_time_type_0_9022005000215001_day,9011005021200000,0,9022005000215001,Gamla Linköping,day,68.42,1368
performance_9011005021200000_direction_id_stop_id_time_type_0_9022005000215001_night,9011005021200000,0,9022005000215001,Gamla Linköping,night,66.25,726
performance_9011005021200000_direction_id_stop_id_time_type_0_9022005000215001_pm_rush,9011005021200000,0,9022005000215001,Gamla Linköping,pm_rush,35.19,486
performance_9011005021200000_direction_id_stop_id_time_type_0_9022005000215001_weekend,9011005021200000,0,9022005000215001,Gamla Linköping,weekend,71.04,480
performance_9011005021200000_direction_id_stop_id_time_type_1_9022005000215002_am_rush,9011005021200000,1,9022005000215002,Gamla Linköping,am_rush,73.08,780
performance_9011005021200000_direction_id_stop_id_time_type_1_9022005000215002_pm_rush,9011005021200000,1,9022005000215002,Gamla Linköping,pm_rush,59.08,567
performance_9011005021200000_direction_id_stop_id_time_type_1_9022005000418003_am_rush,9011005021200000,1,9022005000418003,Änggårdsskolan,am_rush,44.56,781
performance_9011005021200000_direction_id_stop_id_time_type_1_9022005000418003_day,9011005021200000,1,9022005000418003,Änggårdsskolan,day,33.95,1449
performance_9011005021200000_direction_id_stop_id_time_type_1_9022005000418003_night,9011005021200000,1,9022005000418003,Änggårdsskolan,night,30.71,723
performance_9011005021200000_direction_id_stop_id_time_type_1_9022005000418003_pm_rush,9011005021200000,1,9022005000418003,Änggårdsskolan,pm_rush,42.58,566
performance_9011005021200000_direction_id_stop_id_time_type_1_9022005000418003_weekend,9011005021200000,1,9022005000418003,Änggårdsskolan,weekend,13.12,480
performance_9011005021200000_direction_id_stop_id_time_type_1_9022005004232002_am_rush,9011005021200000,1,9022005004232002,Mjärdevi Center,am_rush,69.14,781
performance_9011005021200000_direction_id_stop_id_time_type_1_9022005004232002_pm_rush,9011005021200000,1,9022005004232002,Mjärdevi Center,pm_rush,50.26,567
performance_9011005021300000_direction_id_stop_id_time_type_0_9022005001327002_am_rush,9011005021300000,0,9022005001327002,Fönvindsvägen östra,am_rush,42.32,938
performance_9011005021300000_direction_id_stop_id_time_type_0_9022005001327002_day,9011005021300000,0,9022005001327002,Fönvindsvägen östra,day,44.44,1530
performance_9011005021300000_direction_id_stop_id_time_type_0_9022005001327002_night,9011005021300000,0,9022005001327002,Fönvindsvägen östra,night,49.32,1776
performance_9011005021300000_direction_id_stop_id_time_type_0_9022005001327002_pm_rush,9011005021300000,0,9022005001327002,Fönvindsvägen östra,pm_rush,32.56,648
performance_9011005021300000_direction_id_stop_id_time_type_0_9022005001327002_weekend,9011005021300000,0,9022005001327002,Fönvindsvägen östra,weekend,55.97,1383
performance_9011005021300000_direction_id_stop_id_time_type_0_9022005001460002_day,9011005021300000,0,9022005001460002,Tallboda centrum,day,77.76,1340
performance_9011005021300000_direction_id_stop_id_time_type_0_9022005001460002_night,9011005021300000,0,9022005001460002,Tallboda centrum,night,68.83,1556
performance_9011005021300000_direction_id_stop_id_time_type_0_9022005001460002_pm_rush,9011005021300000,0,9022005001460002,Tallboda centrum,pm_rush,50.35,568
performance_9011005021300000_direction_id_stop_id_time_type_0_9022005001460002_weekend,9011005021300000,0,9022005001460002,Tallboda centrum,weekend,75.26,1257
performance_9011005021300000_direction_id_stop_id_time_type_0_9022005001460004_am_rush,9011005021300000,0,9022005001460004,Tallboda centrum,am_rush,67.59,108
performance_9011005021300000_direction_id_stop_id_time_type_0_9022005001460004_day,9011005021300000,0,9022005001460004,Tallboda centrum,day,57.31,171
performance_9011005021300000_direction_id_stop_id_time_type_0_9022005001460004_night,9011005021300000,0,9022005001460004,Tallboda centrum,night,46.23,199
performance_9011005021300000_direction_id_stop_id_time_type_0_9022005001460004_pm_rush,9011005021300000,0,9022005001460004,Tallboda centrum,pm_rush,18.06,72
performance_9011005021300000_direction_id_stop_id_time_type_0_9022005001460004_weekend,9011005021300000,0,9022005001460004,Tallboda centrum,weekend,55.74,122
performance_9011005021300000_direction_id_stop_id_time_type_0_9022005080007002_am_rush,9011005021300000,0,9022005080007002,Gränsliden,am_rush,66.67,12
performance_9011005021300000_direction_id_stop_id_time_type_0_9022005080007002_day,9011005021300000,0,9022005080007002,Gränsliden,day,47.37,19
performance_9011005021300000_direction_id_stop_id_time_type_0_9022005080007002_night,9011005021300000,0,9022005080007002,Gränsliden,night,47.62,21
performance_9011005021300000_direction_id_stop_id_time_type_0_9022005080007002_pm_rush,9011005021300000,0,9022005080007002,Gränsliden,pm_rush,37.5,8
performance_9011005021300000_direction_id_stop_id_time_type_1_9022005000216002_am_rush,9011005021300000,1,9022005000216002,Johannelunds centrum,am_rush,62.28,859
performance_9011005021300000_direction_id_stop_id_time_type_1_9022005000216002_day,9011005021300000,1,9022005000216002,Johannelunds centrum,day,69.26,1532
performance_9011005021300000_direction_id_stop_id_time_type_1_9022005000216002_night,9011005021300000,1,9022005000216002,Johannelunds centrum,night,61.32,1776
performance_9011005021300000_direction_id_stop_id_time_type_1_9022005000216002_pm_rush,9011005021300000,1,9022005000216002,Johannelunds centrum,pm_rush,58.8,648
performance_9011005021300000_direction_id_stop_id_time_type_1_9022005000216002_weekend,9011005021300000,1,9022005000216002,Johannelunds centrum,weekend,71.25,1367
performance_9011005021300000_direction_id_stop_id_time_type_1_9022005000217003_am_rush,9011005021300000,1,9022005000217003,Nedre Johannelund,am_rush,39.81,859
performance_9011005021300000_direction_id_stop_id_time_type_1_9022005000217003_day,9011005021300000,1,9022005000217003,Nedre Johannelund,day,52.68,1532
performance_9011005021300000_direction_id_stop_id_time_type_1_9022005000217003_night,9011005021300000,1,9022005000217003,Nedre Johannelund,night,27.53,1776
performance_9011005021300000_direction_id_stop_id_time_type_1_9022005000217003_pm_rush,9011005021300000,1,9022005000217003,Nedre Johannelund,pm_rush,15.59,648
performance_9011005021300000_direction_id_stop_id_time_type_1_9022005000217003_weekend,9011005021300000,1,9022005000217003,Nedre Johannelund,weekend,30.94,1367
performance_9011005021300000_direction_id_stop_id_time_type_1_9022005000351001_am_rush,9011005021300000,1,9022005000351001,Linköping Arena,am_rush,68.07,858
performance_9011005021300000_direction_id_stop_id_time_type_1_9022005000351001_day,9011005021300000,1,9022005000351001,Linköping Arena,day,69.59,1526
performance_9011005021300000_direction_id_stop_id_time_type_1_9022005000351001_night,9011005021300000,1,9022005000351001,Linköping Arena,night,71.49,1775
performance_9011005021300000_direction_id_stop_id_time_type_1_9022005000351001_pm_rush,9011005021300000,1,9022005000351001,Linköping Arena,pm_rush,55.71,648
performance_9011005021300000_direction_id_stop_id_time_type_1_9022005080007001_am_rush,9011005021300000,1,9022005080007001,Gränsliden,am_rush,72.73,11
performance_9011005021300000_direction_id_stop_id_time_type_1_9022005080007001_day,9011005021300000,1,9022005080007001,Gränsliden,day,42.11,19
performance_9011005021300000_direction_id_stop_id_time_type_1_9022005001327001_pm_rush,9011005021300000,1,9022005001327001,Fönvindsvägen östra,pm_rush,79.63,648
performance_9011005021400000_direction_id_stop_id_time_type_0_9022005000043002_am_rush,9011005021400000,0,9022005000043002,Berga Söderleden,am_rush,63.96,702
performance_9011005021400000_direction_id_stop_id_time_type_0_9022005000043002_day,9011005021400000,0,9022005000043002,Berga Söderleden,day,79.47,1047
performance_9011005021400000_direction_id_stop_id_time_type_0_9022005000043002_night,9011005021400000,0,9022005000043002,Berga Söderleden,night,71.6,1528
performance_9011005021400000_direction_id_stop_id_time_type_0_9022005000043002_pm_rush,9011005021400000,0,9022005000043002,Berga Söderleden,pm_rush,64.33,485
performance_9011005021400000_direction_id_stop_id_time_type_0_9022005000043002_weekend,9011005021400000,0,9022005000043002,Berga Söderleden,weekend,79.94,1072
performance_9011005021400000_direction_id_stop_id_time_type_0_9022005000050012_am_rush,9011005021400000,0,9022005000050012,Linköpings resecentrum,am_rush,75.14,704
performance_9011005021400000_direction_id_stop_id_time_type_0_9022005000050012_pm_rush,9011005021400000,0,9022005000050012,Linköpings resecentrum,pm_rush,70.72,485
performance_9011005021400000_direction_id_stop_id_time_type_0_9022005000054002_am_rush,9011005021400000,0,9022005000054002,Ekholmens centrum,am_rush,71.79,702
performance_9011005021400000_direction_id_stop_id_time_type_0_9022005000215004_am_rush,9011005021400000,0,9022005000215004,Gamla Linköping,am_rush,69.86,627
performance_9011005021400000_direction_id_stop_id_time_type_0_9022005000215004_night,9011005021400000,0,9022005000215004,Gamla Linköping,night,77.47,1527
performance_9011005021400000_direction_id_stop_id_time_type_0_9022005000215004_pm_rush,9011005021400000,0,9022005000215004,Gamla Linköping,pm_rush,71.55,485
performance_9011005021400000_direction_id_stop_id_time_type_0_9022005000215004_weekend,9011005021400000,0,9022005000215004,Gamla Linköping,weekend,77.0,1074
performance_9011005021400000_direction_id_stop_id_time_type_0_9022005003849002_am_rush,9011005021400000,0,9022005003849002,Abisko centrum,am_rush,70.97,627
performance_9011005021400000_direction_id_stop_id_time_type_0_9022005003849002_pm_rush,9011005021400000,0,9022005003849002,Abisko centrum,pm_rush,48.45,485
performance_9011005021400000_direction_id_stop_id_time_type_1_9022005000043001_am_rush,9011005021400000,1,9022005000043001,Berga Söderleden,am_rush,76.96,625
performance_9011005021400000_direction_id_stop_id_time_type_1_9022005000043001_day,9011005021400000,1,9022005000043001,Berga Söderleden,day,74.38,1050
performance_9011005021400000_direction_id_stop_id_time_type_1_9022005000043001_pm_rush,9011005021400000,1,9022005000043001,Berga Söderleden,pm_rush,71.43,483
performance_9011005021400000_direction_id_stop_id_time_type_1_9022005000050001_pm_rush,9011005021400000,1,9022005000050001,Linköpings resecentrum,pm_rush,76.4,483
performance_9011005021400000_direction_id_stop_id_time_type_1_9022005000054001_am_rush,9011005021400000,1,9022005000054001,Ekholmens centrum,am_rush,66.45,626
performance_9011005021400000_direction_id_stop_id_time_type_1_9022005000054001_day,9011005021400000,1,9022005000054001,Ekholmens centrum,day,62.86,1050
performance_9011005021400000_direction_id_stop_id_time_type_1_9022005000054001_night,9011005021400000,1,9022005000054001,Ekholmens centrum,night,74.08,1443
performance_9011005021400000_direction_id_stop_id_time_type_1_9022005000054001_pm_rush,9011005021400000,1,9022005000054001,Ekholmens centrum,pm_rush,63.77,483
performance_9011005021400000_direction_id_stop_id_time_type_1_9022005000416002_am_rush,9011005021400000,1,9022005000416002,Aspnäset,am_rush,49.52,626
performance_9011005021400000_direction_id_stop_id_time_type_1_9022005000416002_day,9011005021400000,1,9022005000416002,Aspnäset,day,49.14,1050
performance_9011005021400000_direction_id_stop_id_time_type_1_9022005000416002_night,9011005021400000,1,9022005000416002,Aspnäset,night,37.49,1443
performance_9011005021400000_direction_id_stop_id_time_type_1_9022005000416002_pm_rush,9011005021400000,1,9022005000416002,Aspnäset,pm_rush,26.92,483
performance_9011005021400000_direction_id_stop_id_time_type_1_9022005000416002_weekend,9011005021400000,1,9022005000416002,Aspnäset,weekend,28.35,1097
performance_9011005021500000_direction_id_stop_id_time_type_0_9022005000050001_am_rush,9011005021500000,0,9022005000050001,Linköpings resecentrum,am_rush,49.86,704
performance_9011005021500000_direction_id_stop_id_time_type_0_9022005000050001_day,9011005021500000,0,9022005000050001,Linköpings resecentrum,day,13.66,966
performance_9011005021500000_direction_id_stop_id_time_type_0_9022005000050001_night,9011005021500000,0,9022005000050001,Linköpings resecentrum,night,16.47,1530
performance_9011005021500000_direction_id_stop_id_time_type_0_9022005000050001_pm_rush,9011005021500000,0,9022005000050001,Linköpings resecentrum,pm_rush,38.68,486
performance_9011005021500000_direction_id_stop_id_time_type_0_9022005000050001_weekend,9011005021500000,0,9022005000050001,Linköpings resecentrum,weekend,16.5,1079
performance_9011005021500000_direction_id_stop_id_time_type_1_9022005000508001_am_rush,9011005021500000,1,9022005000508001,Klarinettgatan,am_rush,11.61,706
performance_9011005021500000_direction_id_stop_id_time_type_1_9022005000508001_day,9011005021500000,1,9022005000508001,Klarinettgatan,day,7.83,1047
performance_9011005021500000_direction_id_stop_id_time_type_1_9022005000508001_night,9011005021500000,1,9022005000508001,Klarinettgatan,night,19.1,1372
performance_9011005021500000_direction_id_stop_id_time_type_1_9022005000508001_pm_rush,9011005021500000,1,9022005000508001,Klarinettgatan,pm_rush,4.53,486
performance_9011005021500000_direction_id_stop_id_time_type_1_9022005000508001_weekend,9011005021500000,1,9022005000508001,Klarinettgatan,weekend,10.74,1080
performance_9011005021500000_direction_id_stop_id_time_type_0_9022005000508002_night,9011005021500000,0,9022005000508002,Klarinettgatan,night,66.45,1529
performance_9011005021500000_direction_id_stop_id_time_type_0_9022005000508002_pm_rush,9011005021500000,0,9022005000508002,Klarinettgatan,pm_rush,65.84,486
performance_9011005021500000_direction_id_stop_id_time_type_0_9022005000508002_weekend,9011005021500000,0,9022005000508002,Klarinettgatan,weekend,74.58,1078
performance_9011005021600000_direction_id_stop_id_time_type_0_9022005001249001_am_rush,9011005021600000,0,9022005001249001,US Södra entrén,am_rush,75.25,703
performance_9011005021600000_direction_id_stop_id_time_type_0_9022005001249001_pm_rush,9011005021600000,0,9022005001249001,US Södra entrén,pm_rush,55.05,485
performance_9011005021600000_direction_id_stop_id_time_type_0_9022005001419001_pm_rush,9011005021600000,0,9022005001419001,Saab Civila,pm_rush,77.94,485
performance_9011005021600000_direction_id_stop_id_time_type_0_9022005001430001_am_rush,9011005021600000,0,9022005001430001,Berga centrum,am_rush,58.75,703
performance_9011005021600000_direction_id_stop_id_time_type_0_9022005001430001_day,9011005021600000,0,9022005001430001,Berga centrum,day,62.4,968
performance_9011005021600000_direction_id_stop_id_time_type_0_9022005001430001_night,9011005021600000,0,9022005001430001,Berga centrum,night,62.44,1531
performance_9011005021600000_direction_id_stop_id_time_type_0_9022005001430001_pm_rush,9011005021600000,0,9022005001430001,Berga centrum,pm_rush,50.52,485
performance_9011005021600000_direction_id_stop_id_time_type_0_9022005001430001_weekend,9011005021600000,0,9022005001430001,Berga centrum,weekend,58.08,1126
performance_9011005021600000_direction_id_stop_id_time_type_1_9022005000050018_pm_rush,9011005021600000,1,9022005000050018,Linköpings resecentrum,pm_rush,47.53,486
performance_9011005021600000_direction_id_stop_id_time_type_1_9022005000416001_am_rush,9011005021600000,1,9022005000416001,Aspnäset,am_rush,43.93,626
performance_9011005021600000_direction_id_stop_id_time_type_1_9022005000416001_day,9011005021600000,1,9022005000416001,Aspnäset,day,47.18,1047
performance_9011005021600000_direction_id_stop_id_time_type_1_9022005000416001_night,9011005021600000,1,9022005000416001,Aspnäset,night,38.59,1433
performance_9011005021600000_direction_id_stop_id_time_type_1_9022005000416001_pm_rush,9011005021600000,1,9022005000416001,Aspnäset,pm_rush,33.74,486
performance_9011005021600000_direction_id_stop_id_time_type_1_9022005000416001_weekend,9011005021600000,1,9022005000416001,Aspnäset,weekend,29.3,1150
performance_9011005021600000_direction_id_stop_id_time_type_1_9022005001249002_day,9011005021600000,1,9022005001249002,US Södra entrén,day,79.77,1043
performance_9011005021600000_direction_id_stop_id_time_type_1_9022005001249002_pm_rush,9011005021600000,1,9022005001249002,US Södra entrén,pm_rush,51.44,486
performance_9011005021600000_direction_id_stop_id_time_type_1_9022005001418002_am_rush,9011005021600000,1,9022005001418002,Saab Södra,am_rush,30.51,626
performance_9011005021600000_direction_id_stop_id_time_type_1_9022005001418002_day,9011005021600000,1,9022005001418002,Saab Södra,day,42.98,1047
performance_9011005021600000_direction_id_stop_id_time_type_1_9022005001418002_night,9011005021600000,1,9022005001418002,Saab Södra,night,73.13,1433
performance_9011005021600000_direction_id_stop_id_time_type_1_9022005001418002_pm_rush,9011005021600000,1,9022005001418002,Saab Södra,pm_rush,20.37,486
performance_9011005021600000_direction_id_stop_id_time_type_1_9022005001418002_weekend,9011005021600000,1,9022005001418002,Saab Södra,weekend,71.65,1150
performance_9011005021600000_direction_id_stop_id_time_type_0_9022005000416001_day,9011005021600000,0,9022005000416001,Aspnäset,day,72.17,963
performance_9011005021600000_direction_id_stop_id_time_type_0_9022005000416001_night,9011005021600000,0,9022005000416001,Aspnäset,night,76.13,1529
performance_9011005021600000_direction_id_stop_id_time_type_0_9022005000416001_pm_rush,9011005021600000,0,9022005000416001,Aspnäset,pm_rush,64.33,485
performance_9011005021600000_direction_id_stop_id_time_type_0_9022005000416001_weekend,9011005021600000,0,9022005000416001,Aspnäset,weekend,72.32,1127
performance_9011005021600000_direction_id_stop_id_time_type_1_9022005001430002_am_rush,9011005021600000,1,9022005001430002,Berga centrum,am_rush,79.36,625
performance_9011005021600000_direction_id_stop_id_time_type_1_9022005001430002_day,9011005021600000,1,9022005001430002,Berga centrum,day,65.83,1042
performance_9011005021600000_direction_id_stop_id_time_type_1_9022005001430002_pm_rush,9011005021600000,1,9022005001430002,Berga centrum,pm_rush,51.03,486
performance_9011005021700000_direction_id_stop_id_time_type_0_9022005000050019_am_rush,9011005021700000,0,9022005000050019,Linköpings resecentrum,am_rush,45.99,624
performance_9011005021700000_direction_id_stop_id_time_type_0_9022005000050019_day,9011005021700000,0,9022005000050019,Linköpings resecentrum,day,60.84,1047
performance_9011005021700000_direction_id_stop_id_time_type_0_9022005000050019_night,9011005021700000,0,9022005000050019,Linköpings resecentrum,night,39.88,1447
performance_9011005021700000_direction_id_stop_id_time_type_0_9022005000050019_pm_rush,9011005021700000,0,9022005000050019,Linköpings resecentrum,pm_rush,62.96,486
performance_9011005021700000_direction_id_stop_id_time_type_0_9022005000050019_weekend,9011005021700000,0,9022005000050019,Linköpings resecentrum,weekend,36.78,1104
performance_9011005021700000_direction_id_stop_id_time_type_0_9022005001249002_am_rush,9011005021700000,0,9022005001249002,US Södra entrén,am_rush,62.98,624
performance_9011005021700000_direction_id_stop_id_time_type_0_9022005001249002_pm_rush,9011005021700000,0,9022005001249002,US Södra entrén,pm_rush,72.84,486
performance_9011005021700000_direction_id_stop_id_time_type_0_9022005001249002_weekend,9011005021700000,0,9022005001249002,US Södra entrén,weekend,79.71,1104
performance_9011005021700000_direction_id_stop_id_time_type_1_9022005000044002_am_rush,9011005021700000,1,9022005000044002,Hässlegatan,am_rush,47.52,625
performance_9011005021700000_direction_id_stop_id_time_type_1_9022005000044002_day,9011005021700000,1,9022005000044002,Hässlegatan,day,52.05,1047
performance_9011005021700000_direction_id_stop_id_time_type_1_9022005000044002_night,9011005021700000,1,9022005000044002,Hässlegatan,night,53.49,1374
performance_9011005021700000_direction_id_stop_id_time_type_1_9022005000044002_pm_rush,9011005021700000,1,9022005000044002,Hässlegatan,pm_rush,34.16,404
performance_9011005021700000_direction_id_stop_id_time_type_1_9022005000044002_weekend,9011005021700000,1,9022005000044002,Hässlegatan,weekend,72.2,1090
performance_9011005021700000_direction_id_stop_id_time_type_1_9022005000416001_am_rush,9011005021700000,1,9022005000416001,Aspnäset,am_rush,49.28,625
performance_9011005021700000_direction_id_stop_id_time_type_1_9022005000416001_day,9011005021700000,1,9022005000416001,Aspnäset,day,43.74,1047
performance_9011005021700000_direction_id_stop_id_time_type_1_9022005000416001_night,9011005021700000,1,9022005000416001,Aspnäset,night,39.45,1374
performance_9011005021700000_direction_id_stop_id_time_type_1_9022005000416001_pm_rush,9011005021700000,1,9022005000416001,Aspnäset,pm_rush,36.39,404
performance_9011005021700000_direction_id_stop_id_time_type_1_9022005000416001_weekend,9011005021700000,1,9022005000416001,Aspnäset,weekend,33.39,1090
performance_9011005021700000_direction_id_stop_id_time_type_1_9022005001249001_am_rush,9011005021700000,1,9022005001249001,US Södra entrén,am_rush,73.44,625
performance_9011005021700000_direction_id_stop_id_time_type_1_9022005001249001_night,9011005021700000,1,9022005001249001,US Södra entrén,night,78.24,1374
performance_9011005021700000_direction_id_stop_id_time_type_1_9022005001249001_pm_rush,9011005021700000,1,9022005001249001,US Södra entrén,pm_rush,69.63,405
performance_9011005021700000_direction_id_stop_id_time_type_1_9022005001430001_am_rush,9011005021700000,1,9022005001430001,Berga centrum,am_rush,77.12,625
performance_9011005021700000_direction_id_stop_id_time_type_1_9022005001430001_day,9011005021700000,1,9022005001430001,Berga centrum,day,79.47,1047
performance_9011005021700000_direction_id_stop_id_time_type_1_9022005001430001_night,9011005021700000,1,9022005001430001,Berga centrum,night,78.02,1374
performance_9011005021700000_direction_id_stop_id_time_type_1_9022005001430001_pm_rush,9011005021700000,1,9022005001430001,Berga centrum,pm_rush,74.26,404
performance_9011005021700000_direction_id_stop_id_time_type_0_9022005000416001_am_rush,9011005021700000,0,9022005000416001,Aspnäset,am_rush,65.71,624
performance_9011005021800000_direction_id_stop_id_time_type_0_9022005000050012_am_rush,9011005021800000,0,9022005000050012,Linköpings resecentrum,am_rush,34.57,703
performance_9011005021800000_direction_id_stop_id_time_type_0_9022005000050012_day,9011005021800000,0,9022005000050012,Linköpings resecentrum,day,44.67,967
performance_9011005021800000_direction_id_stop_id_time_type_0_9022005000050012_night,9011005021800000,0,9022005000050012,Linköpings resecentrum,night,32.64,1529
performance_9011005021800000_direction_id_stop_id_time_type_0_9022005000050012_pm_rush,9011005021800000,0,9022005000050012,Linköpings resecentrum,pm_rush,52.88,486
performance_9011005021800000_direction_id_stop_id_time_type_0_9022005000050012_weekend,9011005021800000,0,9022005000050012,Linköpings resecentrum,weekend,30.87,1040
performance_9011005021800000_direction_id_stop_id_time_type_0_9022005001249002_am_rush,9011005021800000,0,9022005001249002,US Södra entrén,am_rush,79.06,702
performance_9011005021800000_direction_id_stop_id_time_type_0_9022005001249002_pm_rush,9011005021800000,0,9022005001249002,US Södra entrén,pm_rush,75.51,486
performance_9011005021800000_direction_id_stop_id_time_type_1_9022005000215003_am_rush,9011005021800000,1,9022005000215003,Gamla Linköping,am_rush,60.51,547
performance_9011005021800000_direction_id_stop_id_time_type_1_9022005000215003_day,9011005021800000,1,9022005000215003,Gamla Linköping,day,64.01,1128
performance_9011005021800000_direction_id_stop_id_time_type_1_9022005000215003_night,9011005021800000,1,9022005000215003,Gamla Linköping,night,58.81,1367
performance_9011005021800000_direction_id_stop_id_time_type_1_9022005000215003_pm_rush,9011005021800000,1,9022005000215003,Gamla Linköping,pm_rush,46.06,482
performance_9011005021800000_direction_id_stop_id_time_type_1_9022005000215003_weekend,9011005021800000,1,9022005000215003,Gamla Linköping,weekend,56.25,1104
performance_9011005021800000_direction_id_stop_id_time_type_1_9022005001249001_am_rush,9011005021800000,1,9022005001249001,US Södra entrén,am_rush,66.91,547
performance_9011005021800000_direction_id_stop_id_time_type_1_9022005001249001_pm_rush,9011005021800000,1,9022005001249001,US Södra entrén,pm_rush,75.31,482
performance_9011005022000000_direction_id_stop_id_time_type_0_9022005000050020_day,9011005022000000,0,9022005000050020,Linköpings resecentrum,day,41.08,241
performance_9011005022000000_direction_id_stop_id_time_type_0_9022005000050020_night,9011005022000000,0,9022005000050020,Linköpings resecentrum,night,23.46,162
performance_9011005022000000_direction_id_stop_id_time_type_0_9022005000050020_pm_rush,9011005022000000,0,9022005000050020,Linköpings resecentrum,pm_rush,32.3,486
performance_9011005022000000_direction_id_stop_id_time_type_1_9022005004139002_am_rush,9011005022000000,1,9022005004139002,Mjärdevi,am_rush,29.78,544
performance_9011005022000000_direction_id_stop_id_time_type_1_9022005004139002_day,9011005022000000,1,9022005004139002,Mjärdevi,day,40.99,161
performance_9011005022000000_direction_id_stop_id_time_type_1_9022005001256001_am_rush,9011005022000000,1,9022005001256001,Universitetet,am_rush,76.51,545
performance_9011005022100000_direction_id_stop_id_time_type_0_9022005000050018_day,9011005022100000,0,9022005000050018,Linköpings resecentrum,day,25.93,81
performance_9011005022100000_direction_id_stop_id_time_type_0_9022005000050018_night,9011005022100000,0,9022005000050018,Linköpings resecentrum,night,1.85,162
performance_9011005022100000_direction_id_stop_id_time_type_0_9022005000050018_pm_rush,9011005022100000,0,9022005000050018,Linköpings resecentrum,pm_rush,22.31,484
performance_9011005022100000_direction_id_stop_id_time_type_0_9022005000435002_day,9011005022100000,0,9022005000435002,Saab Norra porten,day,77.78,81
performance_9011005022100000_direction_id_stop_id_time_type_0_9022005000435002_pm_rush,9011005022100000,0,9022005000435002,Saab Norra porten,pm_rush,77.07,484
performance_9011005022100000_direction_id_stop_id_time_type_1_9022005000435001_am_rush,9011005022100000,1,9022005000435001,Saab Norra porten,am_rush,73.58,704
performance_9011005022100000_direction_id_stop_id_time_type_1_9022005001421001_am_rush,9011005022100000,1,9022005001421001,Landerydsvägen,am_rush,39.06,704
performance_9011005022100000_direction_id_stop_id_time_type_0_9022005001419001_day,9011005022100000,0,9022005001419001,Saab Civila,day,75.31,81
performance_9011005022100000_direction_id_stop_id_time_type_0_9022005001421002_day,9011005022100000,0,9022005001421002,Landerydsvägen,day,61.73,81
performance_9011005022100000_direction_id_stop_id_time_type_0_9022005001421002_pm_rush,9011005022100000,0,9022005001421002,Landerydsvägen,pm_rush,68.26,482
performance_9011005022200000_direction_id_stop_id_time_type_0_9022005000054002_night,9011005022200000,0,9022005000054002,Ekholmens centrum,night,58.75,80
performance_9011005022200000_direction_id_stop_id_time_type_0_9022005000054002_pm_rush,9011005022200000,0,9022005000054002,Ekholmens centrum,pm_rush,53.91,243
performance_9011005022200000_direction_id_stop_id_time_type_0_9022005000416001_night,9011005022200000,0,9022005000416001,Aspnäset,night,51.25,80
performance_9011005022200000_direction_id_stop_id_time_type_0_9022005000416001_pm_rush,9011005022200000,0,9022005000416001,Aspnäset,pm_rush,55.97,243
performance_9011005022200000_direction_id_stop_id_time_type_0_9022005001318002_night,9011005022200000,0,9022005001318002,Ekhaga,night,13.75,80
performance_9011005022200000_direction_id_stop_id_time_type_0_9022005001318002_pm_rush,9011005022200000,0,9022005001318002,Ekhaga,pm_rush,34.57,243
performance_9011005022200000_direction_id_stop_id_time_type_0_9022005001430001_night,9011005022200000,0,9022005001430001,Berga centrum,night,63.75,80
performance_9011005022200000_direction_id_stop_id_time_type_0_9022005001430001_pm_rush,9011005022200000,0,9022005001430001,Berga centrum,pm_rush,79.42,243
performance_9011005022200000_direction_id_stop_id_time_type_0_9022005080182002_night,9011005022200000,0,9022005080182002,Nobeltorget,night,41.25,80
performance_9011005022200000_direction_id_stop_id_time_type_0_9022005080182002_pm_rush,9011005022200000,0,9022005080182002,Nobeltorget,pm_rush,76.13,243
performance_9011005022200000_direction_id_stop_id_time_type_1_9022005004139002_am_rush,9011005022200000,1,9022005004139002,Mjärdevi,am_rush,27.3,392
performance_9011005022200000_direction_id_stop_id_time_type_0_9022005004139001_night,9011005022200000,0,9022005004139001,Mjärdevi,night,66.25,80
performance_9011005022600000_direction_id_stop_id_time_type_0_9022005000048001_night,9011005022600000,0,9022005000048001,Skäggetorp centrum,night,74.07,81
performance_9011005022600000_direction_id_stop_id_time_type_0_9022005000048001_pm_rush,9011005022600000,0,9022005000048001,Skäggetorp centrum,pm_rush,56.17,162
performance_9011005022600000_direction_id_stop_id_time_type_0_9022005000214001_night,9011005022600000,0,9022005000214001,Ryd centrum,night,72.84,81
performance_9011005022600000_direction_id_stop_id_time_type_0_9022005000214001_pm_rush,9011005022600000,0,9022005000214001,Ryd centrum,pm_rush,59.26,162
performance_9011005022600000_direction_id_stop_id_time_type_0_9022005000228001_night,9011005022600000,0,9022005000228001,Jägarvallsvägen,night,75.31,81
performance_9011005022600000_direction_id_stop_id_time_type_0_9022005000228001_pm_rush,9011005022600000,0,9022005000228001,Jägarvallsvägen,pm_rush,59.88,162
performance_9011005022600000_direction_id_stop_id_time_type_0_9022005004189001_day,9011005022600000,0,9022005004189001,MAXI,day,52.07,484
performance_9011005022600000_direction_id_stop_id_time_type_0_9022005004189001_night,9011005022600000,0,9022005004189001,MAXI,night,50.62,81
performance_9011005022600000_direction_id_stop_id_time_type_0_9022005004189001_pm_rush,9011005022600000,0,9022005004189001,MAXI,pm_rush,46.91,162
performance_9011005022600000_direction_id_stop_id_time_type_0_9022005004189001_weekend,9011005022600000,0,9022005004189001,MAXI,weekend,55.21,192
performance_9011005022600000_direction_id_stop_id_time_type_0_9022005080182001_pm_rush,9011005022600000,0,9022005080182001,Nobeltorget,pm_rush,78.4,162
performance_9011005022600000_direction_id_stop_id_time_type_1_9022005000223002_am_rush,9011005022600000,1,9022005000223002,Landbogatan,am_rush,58.23,79
performance_9011005022600000_direction_id_stop_id_time_type_1_9022005000223002_day,9011005022600000,1,9022005000223002,Landbogatan,day,63.77,483
performance_9011005022600000_direction_id_stop_id_time_type_1_9022005000223002_night,9011005022600000,1,9022005000223002,Landbogatan,night,40.74,81
performance_9011005022600000_direction_id_stop_id_time_type_1_9022005000223002_pm_rush,9011005022600000,1,9022005000223002,Landbogatan,pm_rush,35.8,162
performance_9011005022600000_direction_id_stop_id_time_type_1_9022005000223002_weekend,9011005022600000,1,9022005000223002,Landbogatan,weekend,61.61,224
performance_9011005022600000_direction_id_stop_id_time_type_1_9022005000228001_am_rush,9011005022600000,1,9022005000228001,Jägarvallsvägen,am_rush,79.75,79
performance_9011005022600000_direction_id_stop_id_time_type_1_9022005080182002_pm_rush,9011005022600000,1,9022005080182002,Nobeltorget,pm_rush,76.54,162
performance_9011005022600000_direction_id_stop_id_time_type_1_9022005080182002_weekend,9011005022600000,1,9022005080182002,Nobeltorget,weekend,79.02,224
